{
    "modes": {
        "1": {
            "octave_name": "oct1",
            "octave_channel": 2
        },
        "2": {
            "octave_name": "oct1",
            "octave_channel": 1
        }
    },
    "lo_modes": {
        "1": {
            "mode_id": 1,
            "lo_freq": 10000000000,
            "gain": -10.0,
            "latest": 1
        },
        "2": {
            "mode_id": 2,
            "lo_freq": 5861000000,
            "gain": 0.0,
            "latest": 6
        },
        "3": {
            "mode_id": 1,
            "lo_freq": 3430000000,
            "gain": 3.0,
            "latest": 3
        },
        "4": {
            "mode_id": 1,
            "lo_freq": 3430000000,
            "gain": 6.0,
            "latest": 5
        },
        "5": {
            "mode_id": 1,
            "lo_freq": 3430000000,
            "gain": 10.0,
            "latest": 7
        },
        "6": {
            "mode_id": 2,
            "lo_freq": 5867200000,
            "gain": 0.0,
            "latest": 12
        },
        "7": {
            "mode_id": 1,
            "lo_freq": 3670000000,
            "gain": 6.0,
            "latest": 9
        },
        "8": {
            "mode_id": 1,
            "lo_freq": 3669000000,
            "gain": 6.0,
            "latest": 13
        }
    },
    "lo_cal": {
        "1": {
            "i0": -0.027996848151561705,
            "q0": 0.005530702091192273,
            "dc_gain": -0.035409824059743245,
            "dc_phase": 0.011210582680084789,
            "temperature": 57.8125,
            "timestamp": 1747839789.116756,
            "method": "auto"
        },
        "2": {
            "i0": -0.010523658437144425,
            "q0": -0.011831712846204712,
            "dc_gain": -0.007831575540939828,
            "dc_phase": 0.0370276650879675,
            "temperature": 59.3125,
            "timestamp": 1747844704.852098,
            "method": "auto"
        },
        "3": {
            "i0": -0.006344019564542097,
            "q0": 0.004622871081587382,
            "dc_gain": -0.0004953619727486869,
            "dc_phase": 0.013261468407527286,
            "temperature": 57.5625,
            "timestamp": 1747844710.97599,
            "method": "auto"
        },
        "4": {
            "i0": -0.010504545715093478,
            "q0": -0.011751822496075506,
            "dc_gain": -0.0079448618010729,
            "dc_phase": 0.03729923695876649,
            "temperature": 59.25,
            "timestamp": 1747855850.976706,
            "method": "auto"
        },
        "5": {
            "i0": -0.006236456462886321,
            "q0": 0.004609463645666213,
            "dc_gain": -0.000822593081188927,
            "dc_phase": 0.011499623428629206,
            "temperature": 57.4375,
            "timestamp": 1747855860.239129,
            "method": "auto"
        },
        "6": {
            "i0": -0.010496273662296711,
            "q0": -0.011758705126870817,
            "dc_gain": -0.007809640819785524,
            "dc_phase": 0.03727964485153767,
            "temperature": 59.1875,
            "timestamp": 1747856360.8844569,
            "method": "auto"
        },
        "7": {
            "i0": -0.006157813999891936,
            "q0": 0.004486323667777266,
            "dc_gain": -0.0019023756645174528,
            "dc_phase": 0.008404916309406962,
            "temperature": 57.5,
            "timestamp": 1747856369.431419,
            "method": "auto"
        },
        "8": {
            "i0": -0.010568252796410564,
            "q0": -0.011974284134322052,
            "dc_gain": -0.007738523890963411,
            "dc_phase": 0.036116727801191094,
            "temperature": 59.1875,
            "timestamp": 1747859948.407397,
            "method": "auto"
        },
        "9": {
            "i0": 0.003665820564608652,
            "q0": 0.006941142299998005,
            "dc_gain": 0.026152984371493604,
            "dc_phase": 0.03976100559239893,
            "temperature": 57.5625,
            "timestamp": 1747859958.2705238,
            "method": "auto"
        },
        "10": {
            "i0": -0.010576757227967148,
            "q0": -0.011985063669503764,
            "dc_gain": -0.007839495050236622,
            "dc_phase": 0.036033828663534564,
            "temperature": 59.1875,
            "timestamp": 1747860183.967469,
            "method": "auto"
        },
        "11": {
            "i0": 0.0036858720271572623,
            "q0": 0.006994240230559301,
            "dc_gain": 0.026085535047258634,
            "dc_phase": 0.040213954685627745,
            "temperature": 57.5625,
            "timestamp": 1747860193.761499,
            "method": "auto"
        },
        "12": {
            "i0": -0.010569870928406276,
            "q0": -0.01197909719149117,
            "dc_gain": -0.007778272664882291,
            "dc_phase": 0.036107831814107115,
            "temperature": 59.1875,
            "timestamp": 1747862887.469103,
            "method": "auto"
        },
        "13": {
            "i0": 0.0036735480357041996,
            "q0": 0.006971235544296139,
            "dc_gain": 0.026073909525827776,
            "dc_phase": 0.04015006480259582,
            "temperature": 57.625,
            "timestamp": 1747862900.877397,
            "method": "auto"
        }
    },
    "if_modes": {
        "1": {
            "lo_mode_id": 1,
            "if_freq": 50000000,
            "latest": 1
        },
        "2": {
            "lo_mode_id": 2,
            "if_freq": 60000000,
            "latest": 6
        },
        "3": {
            "lo_mode_id": 3,
            "if_freq": 50000000,
            "latest": 3
        },
        "4": {
            "lo_mode_id": 4,
            "if_freq": 50000000,
            "latest": 5
        },
        "5": {
            "lo_mode_id": 5,
            "if_freq": 50000000,
            "latest": 7
        },
        "6": {
            "lo_mode_id": 6,
            "if_freq": 60000000,
            "latest": 12
        },
        "7": {
            "lo_mode_id": 7,
            "if_freq": 50000000,
            "latest": 9
        },
        "8": {
            "lo_mode_id": 8,
            "if_freq": 50000000,
            "latest": 13
        }
    },
    "if_cal": {
        "1": {
            "gain": -0.04338896874708913,
            "phase": 0.17370171209389793,
            "temperature": 57.8125,
            "timestamp": 1747839789.119381,
            "method": "auto"
        },
        "2": {
            "gain": -0.007512614963187962,
            "phase": 0.0236253949659505,
            "temperature": 59.3125,
            "timestamp": 1747844704.856019,
            "method": "auto"
        },
        "3": {
            "gain": -0.0032876464414692418,
            "phase": 0.1885812368659087,
            "temperature": 57.5625,
            "timestamp": 1747844710.978793,
            "method": "auto"
        },
        "4": {
            "gain": -0.007547542177813487,
            "phase": 0.024049360100140287,
            "temperature": 59.25,
            "timestamp": 1747855850.982194,
            "method": "auto"
        },
        "5": {
            "gain": -0.0034708575212445076,
            "phase": 0.18654330136174968,
            "temperature": 57.4375,
            "timestamp": 1747855860.241601,
            "method": "auto"
        },
        "6": {
            "gain": -0.007530185254078859,
            "phase": 0.0238282015698388,
            "temperature": 59.1875,
            "timestamp": 1747856360.8878632,
            "method": "auto"
        },
        "7": {
            "gain": -0.004563390415321728,
            "phase": 0.18269483807595588,
            "temperature": 57.5,
            "timestamp": 1747856369.435511,
            "method": "auto"
        },
        "8": {
            "gain": -0.007277659815378199,
            "phase": 0.02253317037505465,
            "temperature": 59.1875,
            "timestamp": 1747859948.41119,